{
  "strings":
  [
	{
      "name": "#str_decl_uicolor_name_edgy",
      "text": "^1Edgy^7"
    },
	{
      "name": "#str_decl_uicolor_name_gold",
      "text": "^5Neon^7 ^aGold^7"
    },
    {
      "name": "#str_decl_uicolor_name_gravel",
      "text": "^dGravel^7"
    },
	{
      "name": "#str_decl_uicolor_name_immora",
      "text": "^aImmora^7"
    },
    {
      "name": "#str_decl_uicolor_name_rainbow",
      "text": "^1R^7^da^7^3i^7^2n^7^5b^7^bo^7^6w^7"
    },
	{
      "name": "#str_decl_uicolor_name_2016",
      "text": "^7DOOM 2016^7"
    },
	{
      "name": "#str_decl_uicolor_name_quakecon",
      "text": "^bQuakeCon 2018^7"
    },
	{
      "name": "#str_decl_uicolor_name_copper",
      "text": "^dCopper^7 ^5Oxide^7"
    },
	{
      "name": "#str_decl_uicolor_name_gray",
      "text": "^8Grayscale^7"
    },
    {
      "name": "#str_decl_uicolor_name_clean",
      "text": "^1Clean UAC^7"
    },
	{
      "name": "#str_decl_uicolor_name_niflheim",
      "text": "^3Niflheim^7"
    },
	{
      "name": "#str_decl_uicolor_name_violet",
      "text": "^5Violet^7"
    },
	{
      "name": "#str_decl_uicolor_name_blue",
      "text": "^bBlue^7"
    },
	{
      "name": "#str_decl_uicolor_name_pink",
      "text": "^6Pink^7"
    }
  ]
}