{
	"resources":
	[
		{
			"name":"tutorial_sp.resources",
		},
	],
	"assets":
	[
		{
			"name":"2016",
			"mapResourceType":"uicolor"
		},
		{
			"name":"blue",
			"mapResourceType":"uicolor"
		},
		{
			"name":"clean",
			"mapResourceType":"uicolor"
		},
		{
			"name":"copper",
			"mapResourceType":"uicolor"
		},
		{
			"name":"edgy",
			"mapResourceType":"uicolor"
		},
		{
			"name":"gold",
			"mapResourceType":"uicolor"
		},
		{
			"name":"gravel",
			"mapResourceType":"uicolor"
		},
		{
			"name":"gray",
			"mapResourceType":"uicolor"
		},
		{
			"name":"immora",
			"mapResourceType":"uicolor"
		},
		{
			"name":"niflheim",
			"mapResourceType":"uicolor"
		},
		{
			"name":"pink",
			"mapResourceType":"uicolor"
		},
		{
			"name":"quakecon",
			"mapResourceType":"uicolor"
		},
		{
			"name":"rainbow",
			"mapResourceType":"uicolor"
		},
		{
			"name":"violet",
			"mapResourceType":"uicolor"
		}
	]
}