{
  "strings": [
	{
      "name": "#str_decl_rune_savagery_desc",
      "text": "Perform Glory Kills and Chainsaw Kills faster."
    },
	{
      "name": "#str_decl_rune_savagery_desc_GHOST54114",
      "text": "Perform Glory Kills and Chainsaw Kills faster."
    },
	{
      "name": "#str_decl_tutorials_popup_crucible_desc_1_GHOST54331",
      "text": "The Crucible is a ^5melee weapon of extraordinary power^7.\n^aPress _crucible^7 to unsheathe then ^apress _attack1^7 to ^5cleave^7 Demons\nand ^5fully replenish your health, armor, and ammo^7.\n\nEach Demon costs one pip.\n^5Replenish^7 the Crucible's energy with ^5Crucible pickups^7 found in the ^5world^7."
    },
	{
      "name": "#str_decl_tutorials_popup_crucible_desc_2_GHOST54332",
      "text": "The Crucible is a ^5melee weapon of extraordinary power^7.\n^aPress _crucible^7 to unsheathe then ^apress _attack1^7 to ^5cleave^7 Demons\nand ^5fully replenish your health, armor, and ammo^7.\n\nEach Demon costs one pip. ^5Replenish^7 the Crucible's energy with ^5Crucible pickups^7 found in the ^5world^7."
    }
  ]
}